"case_id","attachment_file_name"
20,"image001.gif"
21,"image001.gif"
43,"image001.jpg"
43,"avms_180emaisignature41bb.jpg"
43,"avms_180emaisignature41bb.jpg"
43,"image001.jpg"
44,"image.png"
62,"crocodoc_cert.jpg"
69,"wr002-1.jpg"
84,"Screenshot from 2012-05-02 090327.png"
101,"image001.jpg"
101,"image002.jpg"
101,"image002.jpg"
101,"image001.jpg"
128,"image001.png"
128,"image001.png"
135,"avis.pdf.zip"
152,"image001.png"
152,"image001.png"
154,"Math.pdf"
153,"croc_screens.zip"
157,"TEST3_eeia_ch01_ipad.pdf"
160,"image001.png"
175,"Active_Hosted_Customers_URL_List_5-21-12.xls"
186,"Screen Shot 2012-05-27 at 5.54.13 PM.png"
203,"Issue - 1.pptx"
205,"cd_bug_report.png"
208,"CountryAnimal4d.pdf"
213,"image001.jpg"
213,"image002.gif"
213,"image003.gif"
213,"image004.gif"
222,"Screen Shot 2012-06-05 at 12.25.39 PM.png"
241,"image001.jpg"
241,"image004.png"
242,"Screen Shot 2012-06-08 at 11.37.05 AM.png"
242,"signature_sp_1.jpg"
245,"image001.gif"
253,"2009102110153054941.jpg"
253,"20100404104053586769.jpg"
253,"6037464_2_summ.jpg"
253,"200721755548.jpg"
253,"1234.jpg"
253,"sdfgw.jpg"
253,"ddddd.jpg"
255,"17001.pdf"
273,"image001.jpg"
285,"PastedGraphic-1.png"
285,"Getting Started.pdf"
292,"signature_sp_1.jpg"
297,"image002.gif"
297,"image004.gif"
297,"image001.jpg"
297,"image003.gif"
277,"image001.png"
311,"page8_ff_mac_13_good.png"
311,"page8_safari_mac_bad.png"
311,"page9_safari_mac_bad.png"
311,"page9_ff_mac_13_good.png"
311,"original.pdf"
317,"CTMS-Report_Enrollment-Status-and-Contacts-Report_2012Jun01.xlsx"
322,"errorIe8.png"
323,"errorIe8.png"
307,"crocodoc uids.xls"
307,"document_uuids.txt"
347,"PastedGraphic-2.tiff"
348,"image001.png"
307,"daf27e52-5140-4969-84d2-8dbb34d2bcd9.jpg"
349,"sample.jpg"
342,"PastedGraphic-2.tiff"
386,"Screen Shot 2012-07-15 at 7.26.18 PM.png"
394,"PastedGraphic-1.png"
394,"errorRedDot.png"
395,"~WRD000.jpg"
395,"image001.jpg"
395,"image002.jpg"
394,"Getting Started.pdf"
394,"PastedGraphic-1.png"
395,"image001.jpg"
395,"image004.jpg"
395,"image005.jpg"
430,"crocodoc_stretched.PNG"
418,"822.pdf"
460,"image001.jpg"
460,"image002.jpg"
460,"image003.jpg"
475,"test | Soomo Reader.jpeg"
486,"Project_Management_Methodology.doc"
494,"Screen Shot 2012-07-31 at 10.50.07 AM.png"
500,"image001.png"
489,"Screen Shot 2012-08-02 at 7.26.12 PM.png"
521,"Enigma Crocodoc - Need Help.docx"
486,"StillMissingTextFromImage.tiff"
524,"Screen Shot 2012-08-05 at 2.54.09 PM.png"
524,"Screen Shot 2012-08-05 at 2.55.28 PM.png"
535,"a.jpg"
535,"100.jpg"
556,"attachment-24.png"
556,"yousendit.png"
556,"logo-magzine.gif"
556,"Screenshot_2012-08-08-23-58-37.png"
556,"Screenshot_2012-08-08-23-58-59.png"
556,"Screenshot_2012-08-08-23-59-36.png"
556,"Screenshot_2012-08-09-00-00-07.png"
556,"Screenshot_2012-08-09-00-02-06.png"
418,"822.pdf"
564,"FLC-SOL.pdf"
564,"FLC-SOL.pdf"
584,"Journal_Writing_ (1).pdf"
595,"Startup Marketing 101 Feb 2012.pdf"
595,"Crocodoc PDF Preview Error.png"
561,"attachment_0339.bin"
595,"User Experience and the Funnel Feb 2012.pdf"
607,"curl.php"
613,"image001.png"
624,"Marko Bijelic Resume.pdf"
631,"image001.jpg"
644,"Screen Shot 2012-08-21 at 4.18.50 PM.png"
644,"Screen Shot 2012-08-21 at 4.19.11 PM.png"
644,"Screen Shot 2012-08-21 at 4.22.23 PM.png"
649,"Screen Shot 2012-08-22 at 1.52.46 PM.png"
664,"image001.png"
671,"Act_of_Acceptance_-_Russian_standard_agreementMASTER102310.doc"
683,"Paired Comparison Decision Matrix.xls"
685,"image001.jpg"
689,"image001.jpg"
689,"image002.jpg"
665,"failed_uuids.rtf"
641,"Doc-1.docx"
641,"Doc-2.docx"
702,"Screen Shot 2012-08-29 at 9.42.02 AM.png"
703,"image001.png"
641,"proprofs-bootcamp-1.pdf"
641,"proprofs-bootcamp-2.pdf"
713,"Screen+Shot+2012-08-29+at+4.53.07+PM.png"
705,"OrphanedDottedLinks.png"
735,"~WRD000.jpg"
735,"image001.jpg"
735,"image002.jpg"
735,"image003.jpg"
735,"image004.jpg"
735,"Re FW Invoices 11816 and 11817.txt"
748,"dckap.png"
744,"image001.jpg"
748,"dckap.png"
756,"BISC_421_Lecture_2.pdf"
760,"dckap.png"
764,"image001.jpg"
764,"image002.gif"
764,"image003.gif"
764,"image004.gif"
765,"image001.jpg"
765,"image002.gif"
765,"image003.gif"
765,"image004.gif"
766,"image001.jpg"
766,"image002.gif"
766,"image003.gif"
766,"image004.gif"
766,"image001.jpg"
766,"image002.gif"
766,"image003.gif"
766,"image004.gif"
771,"ec9183faf412f641f3b8ac292a074a5e_page1.pdf"
778,"Annotated Report.pdf"
789,"image001.jpg"
770,"crocodoc-crocodoc-php-9ceaff7271d1d215504fccf436d41e99f825497d.zip"
760,"crocodoc-crocodoc-php-9ceaff7271d1d215504fccf436d41e99f825497d.zip"
760,"dckap.png"
744,"image001.jpg"
833,"image001.png"
833,"image001.png"
842,"image001.jpg"
842,"image002.gif"
842,"image003.gif"
842,"image004.gif"
842,"Georgia-Southern-University_Director-of-Athletics_20Sep2012.doc"
842,"Georgia-Southern-University_Director-of-Athletics_20Sep2012.docx"
842,"image001.jpg"
842,"image002.gif"
842,"image003.gif"
842,"image004.gif"
842,"Georgia-Southern-University_Director-of-Athletics_20Sep2012.doc"
842,"Georgia-Southern-University_Director-of-Athletics_20Sep2012.docx"
857,"image001.png"
854,"early.twocolumn.pdf"
857,"image001.png"
857,"image001.png"
770,"snapshot.jpg"
853,"dckap.png"
885,"eTrac PowerPoint Overview_2012-v3.pdf"
898,"puzzlingOutcomesInControlledExperiments.pdf"
703,"844ED85A-AA7F-48DE-AD51-571DCEF3F775.png"
918,"Screen Shot 2012-10-01 at 5.24.33 PM.png"
918,"Screen Shot 2012-10-01 at 5.25.15 PM.png"
918,"contactdetail.pdf"
922,"Untitled attachment 00184.jpg"
923,"Screen Shot 2012-10-01 at 8.38.59 AM.png"
929,"logo.png"
929,"logo.png"
929,"attachment_0479.bin"
930,"ie8.png"
930,"IE9.png"
930,"121002_MAN1207_XMAS_Katalog_220x280_FASHION_DE.pdf"
922,"image001.jpg"
944,"Annotation No. 1.docx"
950,"~WRD000.jpg"
950,"image001.jpg"
950,"image002.jpg"
950,"image003.jpg"
950,"image004.jpg"
950,"Re FW Invoices 11816 and 11817.txt"
770,"crocodoc-crocodoc-php-7899a14c70382a12c062af6373e13ad797d9583e.zip"
939,"crocodoc-crocodoc-php-7899a14c70382a12c062af6373e13ad797d9583e.zip"
929,"logo.png"
929,"attachment_0563.bin"
929,"attachment_0563.bin"
969,"chap2.3.PDF"
969,"crocodoc_fail.png"
972,"tatilatno 43.indd.pdf"
972,"page1.png"
982,"三星和苹果长达数年的专利纷争终于基本定调.doc"
986,"globalitemlist_rev.xlsx"
985,"crocodoc.tex"
985,"crocodoc.pdf"
993,"doc.pdf"
995,"7e12efbb-b0f6-4b4d-83c3-6af6de84fa7d.pdf"
1008,"Hofmann desire model 2012 - markups.pdf"
1011,"111-113 da Mind the App v4-2.pdf"
1018,"Entity__Account__and_Custom_Dimension_Guide.xls"
1019,"CopyrightInfringementCrocodoc121012SSH.pdf"
1032,"resultshand_sm.png"
1037,"dckap.png"
1044,"image001.jpg"
953,"effectiveness_of_research_methods.docx"
1049,"image001.gif"
1042,"Screen 1 - Highlight incorrect Area.jpg"
1042,"Screen2 - Able to interact with hightlight.jpg"
1058,"FF 16 Crocodoc.swf"
1042,"Comments box.jpg"
1061,"~WRD000.jpg"
1061,"New Testament Reading for Tuesday Oct 23.pdf"
1063,"jordann.jpg"
1066,"Screen Shot 2012-10-18 at 2.02.25 PM.png"
1066,"Airpush_Event_Calendar_2012-2013 V2.xls"
842,"image001.jpg"
842,"image002.gif"
842,"image003.gif"
842,"image004.gif"
1073,"image001.jpg"
842,"image001.jpg"
842,"image002.gif"
842,"image003.gif"
842,"image004.gif"
1089,"image001.jpg"
1089,"image002.gif"
1089,"image003.gif"
1089,"image004.gif"
1100,"sshot-1.png"
1108,"image001.gif"
1109,"Preview not available.png"
1109,"Maisy_Science_Topic.doc"
1118,"image001.png"
1122,"image001.png"
1122,"clip_image002.jpg"
1128,"FA661764-C74A-4473-9DAC-55B06CD6E21F[41].png"
1131,"image001.jpg"
1133,"Screen Shot 2012-10-29 at 9.48.25 AM.png"
1133,"Screen Shot 2012-10-29 at 9.47.51 AM.png"
1134,"src1m.pdf"
1138,"CrocodocTest.zip"
1132,"winmail.dat"
1147,"Chun_Change_TakingTeachingToTask.pdf"
1155,"600865A6-32BE-41C8-8963-DCF1ED1323D8[1].png"
1108,"image001.gif"
1138,"image001.gif"
1138,"image002.jpg"
1138,"image003.jpg"
1138,"image004.jpg"
1138,"image005.jpg"
1140,"attachment_6354.bin"
1140,"attachment_6354.bin"
1140,"attachment_7121.bin"
1140,"attachment_7121.bin"
1140,"attachment_7121.bin"
1140,"attachment_7121.bin"
930,"1.pdf"
930,"2.pdf"
1180,"image001.jpg"
1180,"image002.jpg"
1180,"image003.jpg"
1180,"image004.jpg"
1180,"image005.jpg"
1200,"image001.png"
1200,"image001.png"
1198,"image001.png"
1198,"image002.png"
1198,"image003.png"
1200,"image001.png"
1200,"6152_ACCES_BOURGET_2014.pdf"
1219,"image.jpeg"
1219,"facebook.png"
1219,"twitter.png"
1229,"rendering.jpg"
1232,"Examples from Haiku.zip"
1236,"safari_puffin.PNG"
1239,"image001.png"
1239,"image002.png"
1239,"image003.png"
1242,"crocodoc-support.txt"
1244,"~WRD000.jpg"
1246,"iframe height discrepancy copy.jpg"
1232,"attachment_9290112 (5).pdf"
1232,"attachment_9290608 (2).pdf"
1232,"attachment_9290468 (1).pdf"
1235,"PastedGraphic-2.tiff"
1267,"croco-test-console.png"
1268,"Examples from Haiku (part 2).zip"
1236,"attachment_0021.bin"
1236,"attachment_0021.bin"
1270,"Screen Shot 2012-11-12 at 11.53.33 AM.png"
1271,"Screen Shot 2012-11-12 at 11.53.55 AM.png"
1274,"logo.png"
1275,"upload.png (1680×1010).jpg"
1278,"hst_pdf_crocodoc.png"
1278,"hst_pdf_s3.png"
1278,"hst_pdf_#issue.pdf"
1282,"image001.png"
1274,"nearbee_uuids.rtf"
1282,"image001.png"
1289,"screenshot of caffeine.jpg"
1289,"caffeine.pdf"
1229,"CONTRACT_BAU01702.pdf"
1302,"image001.png"
1302,"image002.png"
1302,"image003.png"
1306,"image001.png"
1306,"image002.jpg"
1306,"image003.png"
1306,"image004.png"
1306,"image005.png"
1313,"before_and_after.zip"
1313,"attachment_9749148.pdf"
1310,"PDF_Snow_Leopard.pdf"
1310,"attachment_9498350-1.pdf"
1310,"attachment_9786144.pdf"
1274,"nearbee_uuids.rtf"
1316,"MV011_-_Intermittent_androgen_suppression_for_rising_PSA_level_after_radiotherapy.pdf"
1236,"attachment_8265.bin"
1236,"attachment_8265.bin"
1345,"Marko Bijelic Resume.pdf"
1351,"image001.gif"
1351,"image001.gif"
1326,"Sample Assignment.docx"
1365,"tarac.pdf"
1369,"ipad_story.pdf"
1382,"Chapter_12__Section_4_Worksheet.pdf"
1384,"startertemplate1.header.gif"
1384,"startertemplate1.imageholder1.gif"
1384,"startertemplate1.imageholder2.gif"
1384,"logo greyscale.jpg"
1385,"original_message.html"
1385,"image001.jpg"
1386,"noname.eml"
1386,"noname (1).eml"
1365,"toppodium.pdf"
1365,"corrupt.pdf"
1365,"mobjetdemo.134877.pdf"
1400,"Essay #3.docx"
1407,"Screenshot_2012-12-06-16-05-05.png"
1351,"image001.gif"
1351,"image002.jpg"
1351,"image002.jpg"
1351,"image001.gif"
1407,"resume_fake.docx"
1407,"CommunityManager.doc"
1326,"winmail.dat"
1433,"pt.pdf"
1439,"comma series, quotes, offset words.pdf"
1424,"List of issues.docx"
1432,"what i see.jpg"
1455,"Inequalities Quiz.pdf"
1455,"Screenshot from 2012-12-13 083308.png"
1326,"winmail.dat"
1465,"image003.png"
1470,"image001.jpg"
1470,"image002.jpg"
1474,"doc.pdf"
1480,"Screenshot+12_18_12+9_00+AM[1].png"
1480,"Screenshot+12_18_12+9_00+AM.png"
1480,"Screenshot+12_18_12+9_00+AM[1].png"
1480,"Screenshot+12_18_12+9_00+AM[1].png"
1480,"Screenshot+12_18_12+9_00+AM[1].png"
1480,"Screenshot+12_18_12+9_00+AM[1].png"
1480,"6D33713B-AF25-49C4-A3B1-1288DB916505.png"
1482,"page_not_available.png"
1482,"importance_of_story_draft_1_sdb_rawr.doc"
1496,"dckap.png"
1501,"servlet.ImageServer.gif"
1496,"dckap.png"
1504,"download-icon.jpg"
1504,"download-modal.jpg"
1504,"app-chooser.jpg"
1509,"43961181-730C-4925-8158-C09BB757CCF9[98].png"
1509,"8464A1E4-9427-454C-B360-45CDF6D1407F[98].png"
1509,"178B3A6F-E9F6-4781-839D-4C7CFC3175E7[98].png"
1496,"attachment_3241.bin"
1496,"dckap.png"
1496,"dckap.png"
1509,"178B3A6F-E9F6-4781-839D-4C7CFC3175E7[100].png"
1509,"43961181-730C-4925-8158-C09BB757CCF9[100].png"
1509,"8464A1E4-9427-454C-B360-45CDF6D1407F[100].png"
1509,"Team_Sandler.pdf"
1509,"Preface.pdf"
1509,"crocpoc.zip"
1509,"178B3A6F-E9F6-4781-839D-4C7CFC3175E7[103].png"
1509,"43961181-730C-4925-8158-C09BB757CCF9[103].png"
1509,"8464A1E4-9427-454C-B360-45CDF6D1407F[103].png"
1496,"attachment_3716.bin"
1496,"dckap.png"
1523,"Renewable Resources.ppt"
1524,"148 Lunch Menu.pdf"
1523,"Renewable Resources.ppt"
1529,"Untitled picture.png"
1496,"attachment_9465.bin"
1496,"attachment_9465.bin"
1496,"dckap.png"
1529,"Untitled picture.png"
1496,"dckap.png"
1508,"ilcrotonese.php"
1508,"ilcrotonese.php.zip"
1508,"Schermata 2013-01-04 alle 18.33.56.png"
1508,"ilcrotonese.php"
1547,"image001.jpg"
1547,"image002.jpg"
1564,"CrocodocViewer.png"
1564,"Acrobat.png"
1564,"Acrobat.png"
1564,"CrocodocViewer.png"
1564,"4pagetest-Rasterized.pdf"
1573,"developer interview quiz.doc"
1576,"_PDF_Uploader_Issue_files.zip"
1576,"FL - L7 - Scale (C).png"
1576,"Ex 2.1 3_4 Meter.pdf"
1576,"CL - L7 - Ex2.1.png"
1576,"C Major Scale.pdf"
1509,"178B3A6F-E9F6-4781-839D-4C7CFC3175E7[19].png"
1509,"43961181-730C-4925-8158-C09BB757CCF9[19].png"
1509,"8464A1E4-9427-454C-B360-45CDF6D1407F[19].png"
1564,"MIHP-121100.pdf"
1587,"image001.jpg"
1588,"snippet.html"
1509,"178B3A6F-E9F6-4781-839D-4C7CFC3175E7[34].png"
1509,"43961181-730C-4925-8158-C09BB757CCF9[34].png"
1509,"8464A1E4-9427-454C-B360-45CDF6D1407F[34].png"
1606,"Guidelines on Est Risk Policy & Framework Recs - March 2005-Pages.pdf"
1608,"signature_sp_1.jpg"
1620,"image001.gif"
1634,"image001.png"
1634,"image002.jpg"
1640,"20B382BD-B36F-42CB-AE4E-7F048585C7A7[73].png"
1640,"20B382BD-B36F-42CB-AE4E-7F048585C7A7[73].png"
1640,"20B382BD-B36F-42CB-AE4E-7F048585C7A7[73].png"
1643,"Zur2.pdf"
1651,"image003.png"
1651,"image002.png"
1654,"image002.png"
1654,"image003.png"
1644,"image001.png"
1656,"image001.gif"
1685,"image.png"
1685,"linux_bugs.zip"
1698,"62850273-B60C-4325-B709-2883F0754EA9.png"
1698,"08F87587-034D-4DA3-AF77-342B8C5CD107.png"
1698,"MDX SS 4pp US Brochure email format.pdf"
1710,"92E92808-B2AF-4D0B-B5DC-F5E38EEFACC9.png"
1710,"92E92808-B2AF-4D0B-B5DC-F5E38EEFACC9[1].png"
1710,"92E92808-B2AF-4D0B-B5DC-F5E38EEFACC9[1].png"
1713,"crocodoc sample.doc"
1713,"crocodoc sample.pdf"
1713,"crocodoc sample.PNG"
1710,"92E92808-B2AF-4D0B-B5DC-F5E38EEFACC9[2].png"
1710,"92E92808-B2AF-4D0B-B5DC-F5E38EEFACC9[1].png"
1715,"STP Model Issue1.xls"
1716,"equal-notequal_croc.png"
1716,"hw1a-prob1.pdf"
1710,"92E92808-B2AF-4D0B-B5DC-F5E38EEFACC9[2].png"
1710,"92E92808-B2AF-4D0B-B5DC-F5E38EEFACC9[1].png"
1724,"Capture.JPG"
1725,"Capture2.JPG"
1738,"image005.png"
1738,"2013_IOL_sponsorship_agreement.pdf"
1738,"2013iol_benefits_chart.pdf"
1738,"2013 IOL Benefits Levels.pdf"
1740,"Mallu2.gif"
1746,"innotech-state-of-mobile-090424123543-phpapp02.pdf"
1746,"PTA Budget 2011-2012.xls"
1749,"image001.gif"
1740,"KSOY_1_13v.pdf"
1740,"Mallu2.gif"
1755,"338.png"
1757,"4507E090-1BD9-47B4-85B3-4DD2815593B0.png"
1757,"User count 3rd Feb'13.xlsx"
1762,"image001.png"
1770,"Screen Shot 2013-02-05 at 5.37.25 PM.png"
1588,"docviewer.js"
1588,"docviewer-pretty.js"
1588,"docviewer-pretty-mod.js"
1588,"docviewer-mod.js"
1710,"92E92808-B2AF-4D0B-B5DC-F5E38EEFACC9[1].png"
1710,"92E92808-B2AF-4D0B-B5DC-F5E38EEFACC9[2].png"
1710,"92E92808-B2AF-4D0B-B5DC-F5E38EEFACC9[1].png"
1710,"92E92808-B2AF-4D0B-B5DC-F5E38EEFACC9[2].png"
1710,"92E92808-B2AF-4D0B-B5DC-F5E38EEFACC9[1].png"
1710,"92E92808-B2AF-4D0B-B5DC-F5E38EEFACC9[1].png"
1790,"image001.gif"
1796,"image001.jpg"
1809,"Previewer-Questionnaire.docx"
1811,"9789490947644_lowres.pdf"
1814,"multiple_victims.doc"
1822,"image001.gif"
1823,"image001.gif"
1814,"Screen Shot 2013-02-09 at 11.59.54 AM.png"
1814,"Screen Shot 2013-02-09 at 12.31.59 PM.png"
1840,"AM- AG CINOV IDF CR du 040213.pdf"
1853,"image001.gif"
1814,"crocodoc-failures.zip"
1850,"Draft Reply to Response to Motion for Determination of Question of Law.docx"
1888,"image001.jpg"
1906,"image001.gif"
1907,"image001.gif"
1911,"9MB.zip"
1912,"Toil and Trouble 13.02.14.pdf"
1912,"Toil and Trouble 13.02.14.docx"
1904,"Screenshot-2.png"
1904,"Screenshot-2.png"
1916,"Marko Bijelic Resume.pdf"
1923,"Screen Shot 2013-02-20 at 2.43.42 PM.png"
1923,"Landscape PDF 600kb.pdf"
1947,"Screen Shot 2013-02-25 at 9.02.01 AM.png"
1947,"Screen Shot 2013-02-25 at 9.02.01 AM.png"
1968,"error-message.jpg"
1972,"Event Planning #2.doc"
1979,"sad PDF file.pdf"
1983,"sigimg1.bin"
1984,"sigimg1.bin"
1984,"sigimg1.bin"
1985,"sigimg1.bin"
1985,"sigimg1.bin"
1985,"sigimg1.bin"
1985,"sigimg1.bin"
2001,"sigimg1.bin"
2001,"sigimg1.bin"
2001,"sigimg1.bin"
2019,"Email Sig.png"
2019,"Email Sig[7].png"
2011,"assingnment  2 make a plan.docx"
2011,"weekly grade sheet.docx"
2037,"attachment_0373.bin"
2038,"attachment_1328.bin"
2019,"Email Sig[1].png"
2064,"eleutian.pdf"
2066,"doc (1).pdf"
2070,"image001.png"
2070,"image002.png"
2070,"image003.png"
2070,"image004.png"
2070,"image005.png"
2070,"image006.png"
2070,"image007.png"
2055,"kr_DSC03554.jpg"
2055,"DSC02842.jpg"
2055,"ZuYu_DSC01686.jpg"
2055,"offbeat_DSC09247.jpg"
2055,"facebook_icon.png"
2055,"images-1.jpeg"
2055,"images.jpeg"
2072,"josh_ahmer_womens_history.docx"
2072,"josh_ahmer_womens_history_answer_key.docx"
2100,"GlueCon2013SponsorshipOpportunities.doc (9).pdf"
2104,"applebys.pdf"
2104,"waynea.vcf"
2126,"The_Incredible_Edible_Egg-Website_Worksheet_(1).doc"
2140,"MAD RESERVATION GROUP SHEET 2013.docx"
2147,"ap-presenter-feedback-2013-03-14.xls"
2149,"780C1D00-4F40-43DF-BB6B-BD1063092363.png"
2149,"ATT00001.gif"
2149,"ATT00002.gif"
2149,"ATT00003.gif"
2149,"ATT00001.gif"
2149,"ATT00002.gif"
2149,"ATT00003.gif"
2149,"780C1D00-4F40-43DF-BB6B-BD1063092363.png"
2120,"attachment_8872.bin"
2120,"attachment_8872.bin"
2168,"130225_myclimate_Jahresbericht2013.pdf"
2169,"signaturea2_1314168294.JPG"
2174,"image002.jpg"
2174,"SI.jpg"
2175,"conv_without_chars.png"
2175,"orig_with_chars.png"
2185,"b19a1aa4-a498-402d-991e-0527f91a15db.pdf"
2189,"Prix_Mag_300x460_21.3.13.pdf"
2201,"image001.png"
2202,"ehgabagf.png"
2202,"adffgfda.png"
2218,"image001.jpg"
2218,"image001.jpg"
2218,"image001.jpg"
2228,"crocodoc_test.pptx"
2233,"image007.jpg"
2120,"attachment_7765.bin"
2120,"attachment_7765.bin"
2236,"image001.jpg"
2241,"sach-trang-quoc-phong.pdf"
2251,"Python_Sponsorship Letter.pdf"
2253,"New Chem 203 Study guide 1.docx"
2253,"Old Chem 203 Study guide 1.docx"
2236,"image001.jpg"
2236,"image001.jpg"
2260,"GlueCon2013SponsorshipOpportunities.doc (20).pdf"
2261,"DD_3805_052_Canvas.pdf"
2248,"good.jpg"
2248,"bad.jpg"
2266,"winmail.dat"
2236,"image001.jpg"
2261,"CrocodocIssue_OriginalStudentDocument.doc"
2321,"2013_03_24_Artículo_las_lecciones_Mobile_-_La_Vanguardia_página.pdf"
2328,"crocodoc.png"
2346,"130131_kimw_25jahre_logo763e.jpg"
2169,"image001.jpg"
2347,"image001.jpg"
2347,"Screenshot from 2013-04-15 12_36_48.png"
2347,"Screenshot from 2013-04-15 12_37_08.png"
1623,"Invoice-12532.pdf"
2350,"image001.jpg"
2351,"image001.png"
2351,"image002.png"
2351,"image003.png"
2351,"image004.png"
2351,"image005.png"
2358,"130131_kimw_25jahre_logo3fa2.jpg"
2358,"Error_CreditCard.JPG"
2361,"B8020EEA-584D-487B-B05E-02DC9F7D39EE.png"
2361,"B8020EEA-584D-487B-B05E-02DC9F7D39EE.png"
2361,"B8020EEA-584D-487B-B05E-02DC9F7D39EE.png"
2366,"image001.jpg"
2367,"image001.jpg"
2367,"image002.jpg"
2367,"image003.png"
2361,"B8020EEA-584D-487B-B05E-02DC9F7D39EE.png"
2367,"image003.png"
2367,"image001.jpg"
2367,"image002.jpg"
2367,"image004.png"
2367,"image007.jpg"
2367,"image008.png"
2367,"image009.jpg"
2367,"image001.png"
2367,"image002.png"
2367,"image003.png"
2367,"image004.jpg"
2367,"image005.png"
2367,"image006.jpg"
2367,"image006.jpg"
2367,"image004.jpg"
2367,"image005.png"
2367,"image002.png"
2367,"image003.png"
2367,"image001.png"
2367,"image002.png"
2367,"image003.jpg"
2367,"image004.png"
2367,"image005.jpg"
2367,"image008.png"
2367,"image009.png"
2367,"image010.jpg"
2367,"image011.png"
2367,"image012.jpg"
2367,"image002.png"
2367,"image005.jpg"
2367,"image002.png"
2367,"image003.jpg"
2367,"image004.png"
2367,"image001.png"
2367,"image001.png"
2367,"image002.png"
2367,"image003.jpg"
2367,"image004.png"
2367,"image005.jpg"
2373,"attachment_4348.eml"
2385,"doc-1.pdf.dot"
2386,"bor.pdf.zip"
2386,"ATT00001.htm"
2387,"Screen_Shot_2013-04-18_at_12.37.01_PM.png"
2395,"Screen Shot 2013-04-19 at 11.35.03 AM.png"
2399,"image001.jpg"
2401,"eFront_PPT_Prototype.pptx"
2434,"ConfidenceIntervalProject.pdf"
2436,"crocodoc.png"
2332,"2013-04-24 14h08m.pdf"
2418,"1.1_The Circus.pdf"
2451,"2013-04-26_09-35-45.jpg"
2451,"PastedGraphic-1.tiff"
2451,"PastedGraphic-1.tiff"
2454,"image001.jpg"
2418,"2.png"
2459,"screenshot.png"
2466,"GBC Learning Doc.pdf"
2466,"GBC Learning Logo Streaked in Documents.png"
2459,"examples2.php"
2469,"Captura de pantalla de 2013-04-29 142114.png"
2469,"Captura de pantalla de 2013-04-29 142211.png"
2502,"Drum_Usage_Intro_Slides_180313.pdf"
2504,"font_not_supported_example.ppt"
2120,"attachment_1745.bin"
2120,"attachment_1745.bin"
2506,"Testfile.xls"
2510,"document upload.docx"
2517,"image001.png"
2517,"image002.png"
2528,"PDF_with_-.pdf"
2517,"image002.png"
2517,"image001.png"
2531,"image001.gif"
2531,"image001.gif"
2544,"36471994-D002-42F8-AFEC-E61BAE973AE2[867].png"
2544,"190300D2-9115-4C13-9270-B79F6D2CFE30[865].png"
2558,"LittleSnapper.png"
2636,"image001.jpg"
2656,"18.pdf"
2666,"image001.jpg"
2674,"Marketplace-Media Kit.ppt"
2554,"TEXTOS PARA PRÁCTICA.doc"
2691,"image001.png"
2691,"image002.png"
2691,"image003.png"
2691,"image004.png"
2691,"image005.png"
2695,"LOGO.jpg"
2503,"image001.png"
2668,"compose-unknown-contact.jpg"
2708,"workingConversion.pdf"
2708,"brokenConversion.pdf"
2711,"36471994-D002-42F8-AFEC-E61BAE973AE2[930].png"
2711,"190300D2-9115-4C13-9270-B79F6D2CFE30[928].png"
2719,"Previewer-Questionnaire.docx"
2724,"Tuesday 2-4-2 2013.doc"
2724,"ERROR.docx"
2727,"Screen_shot_1.jpg"
2728,"increasing petrol price.doc"
2746,"CV 2013.docx"
2746,"CV 2013 Ellesmere Port.docx"
2746,"2013 Cover Letter Only.docx"
2750,"image002.gif"
2753,"Screen Shot 2013-05-17 at 3.54.30 PM.png"
2746,"CV_2013.pdf"
2746,"2013_Cover_Letter_Only.pdf"
2746,"CV_2013_Ellesmere_Port.pdf"
2768,"image001.png"
2750,"image001.gif"
2747,"Screen Shot 2013-05-20 at 6.17.41 PM.png"
2747,"Screen Shot 2013-05-20 at 6.17.48 PM.png"
2750,"image001.gif"
2774,"crocodoc_presentation-resize.pdf"
2774,"crocodoc_presentation-shadowoff.jpg"
2774,"BVB_U1L1_PPT_VF.pptx"
2794,"Files_from_Haiku.zip"
2774,"screenshots20130523.ppt"
2799,"image.png"
2804,"image001.png"
2803,"Close.docx"
2808,"image002.png"
2812,"Capture.PNG"
2813,"Crocodoc Inquiry.docx"
2799,"test.php"
2799,"test.php"
2469,"Captura de pantalla de 2013-05-27 121934.png"
2818,"Capture.PNG"
2799,"test.php"
2822,"image001.jpg"
2822,"image002.png"
2822,"image003.png"
2822,"image004.png"
2822,"image005.png"
2750,"image001.gif"
2827,"Response.pdf"
2832,"LW-JHChoirgroup.Level 1.SLO.pdf"
2832,"Combined files for NP and LW.pdf"
2799,"test (1).php"
2818,"image001.jpg"
2834,"image001.jpg"
2834,"Ardent Solution Profile.rar"
2836,"wellwisegroup.jpg"
2840,"image003.png"
2840,"image005.png"
2840,"image006.png"
2842,"attachment_2789.bin"
2842,"attachment_2901.bin"
2842,"attachment_3573.bin"
2799,"test.php"
2842,"attachment_4597.bin"
2845,"image001.gif"
2845,"image002.gif"
2853,"CMT Materials Report.pdf"
2854,"resultshand_sm.png"
2863,"image001.gif"
2863,"image002.gif"
2863,"image003.png"
2863,"image004.png"
2863,"image005.png"
2863,"image006.png"
2863,"image007.png"
2863,"BoozCo_2012-Chief-Executive-Study_CN.pdf"
2873,"all-pages-2.pdf"
2552,"bad-opa340.pdf"
2881,"image001.png"
2881,"image002.gif"
2882,"image.png"
2885,"image002.gif"
2888,"Screen_Shot_2013-06-05_at_10.28.00_AM.png"
2891,"image013.png"
2891,"image014.jpg"
2891,"image015.jpg"
2891,"image016.jpg"
2891,"image017.jpg"
2891,"image018.jpg"
2891,"ascilite - Booking Confirmation Form.pdf"
2891,"ascilite - Floor plan.pdf"
2891,"ascilite 2013 - Sponsorship Prospectus.pdf"
2892,"Example.pdf"
2900,"F38979EB-7BF0-4076-8AFC-AC680C73814B[2].png"
2902,"Misaligned_annotations.png"
2917,"Screenshot 2013-06-09 at 13.25.59.png"
2900,"F38979EB-7BF0-4076-8AFC-AC680C73814B[3].png"
2947,"smime.p7s"
2863,"image007.png"
2863,"image003.png"
2863,"image001.gif"
2863,"image006.png"
2863,"image005.png"
2863,"image004.png"
2863,"image002.gif"
2863,"image001.gif"
2863,"image002.gif"
2863,"image003.png"
2863,"image004.png"
2863,"image005.png"
2863,"image006.png"
2863,"image007.png"
2952,"image001.jpg"
2953,"image001.jpg"
2956,"markups.pdf"
2958,"resume-27141-1-ja.pdf"
2959,"KB_Edit_Comments.pdf"
2965,"image013.png"
2965,"image014.jpg"
2965,"image015.jpg"
2965,"image016.jpg"
2965,"image017.jpg"
2965,"image018.jpg"
2965,"ascilite - Booking Confirmation Form.pdf"
2965,"ascilite - Floor plan.pdf"
2965,"ascilite 2013 - Sponsorship Prospectus.pdf"
2956,"High Fidelity Speaker Amazes Inventor.pdf"
2967,"Doc_with_special_chars.zip"
2959,"IBSR_Comments.pdf"
2982,"Echo_20th_June.pdf"
2987,"5F381747-9527-42D4-8172-62E74C066F9E[119].png"
2987,"88C2CEC7-C7F5-4E16-8329-BEB7E298FD28.png"
2987,"F60425AF-4667-4309-802C-E400D95C8A21.png"
2987,"5F381747-9527-42D4-8172-62E74C066F9E[65].png"
2988,"test.pdf"
3003,"image002.png"
3005,"CA_4.1_App_3-1-13.pdf"
3006,"image001.png"
3006,"image002.gif"
3006,"image003.gif"
3020,"image013.png"
3020,"image014.jpg"
3020,"image015.jpg"
3020,"image016.jpg"
3020,"image017.jpg"
3020,"image018.jpg"
3020,"ascilite - Booking Confirmation Form.pdf"
3020,"ascilite - Floor plan.pdf"
3020,"ascilite 2013 - Sponsorship Prospectus.pdf"
3021,"smime.p7s"
3025,"crocodoc_ie8_screenshot.jpg"
3025,"crocodoc_ie8_screenshot.jpg"
3025,"crocodoc_ie8_screenshot.jpg"
3025,"IG - Welcome to the Sales Academy.docx"
3021,"smime.p7s"
3025,"crocodoc_ie8_screenshot.jpg"
3032,"image003.png"
3032,"image003.jpg"
3040,"Marko Bijelic Resume.pdf"
3050,"copia_de_venta_diaria.xlsx_ab310c85.xlsx_d7403553.xlsx_c28f2964.xlsx"
3061,"Latest_Results_Not_Highest_Score_Results.JPG"
3069,"PO_81_1010005873_0_US.pdf"
3070,"PO_81_1010005874_0_US.pdf"
3071,"PO_81_1010005875_0_US.pdf"
3074,"Picture (Device Independent Bitmap) 1.jpg"
3076,"attachment_3014.bin"
3076,"attachment_3014.bin"
3076,"attachment_3014.bin"
3076,"attachment_3240.bin"
3076,"attachment_3240.bin"
3076,"attachment_3240.bin"
3049,"hep c.pdf"
3049,"crcscreening.pdf"
3049,"autoimmunehepatitis.pdf"
3078,"crocodoc_2013-07-04_0946.swf"
3080,"Capture.PNG"
3086,"attachment_4073.bin"
3086,"attachment_4073.bin"
3086,"attachment_4073.bin"
3086,"attachment_4073.bin"
3086,"attachment_4073.bin"
3086,"attachment_4073.bin"
3086,"attachment_3757.bin"
3086,"attachment_3757.bin"
3086,"attachment_3757.bin"
3086,"attachment_3757.bin"
3086,"attachment_3757.bin"
3086,"attachment_3757.bin"
3078,"Crocodoc PC_Config_09072013.xlsx"
3099,"image001.gif"
3099,"image002.gif"
3099,"10 Tips for a Successful Tradeshow.pdf"
2988,"130405_houan3.pdf"
2988,"Screen Shot 2013-07-10 at 5.18.01 PM.png"
3086,"attachment_4323.bin"
3086,"attachment_4323.bin"
3086,"attachment_4323.bin"
3086,"attachment_4323.bin"
3086,"attachment_4323.bin"
3086,"attachment_4323.bin"
3103,"image013.jpg"
3103,"image014.jpg"
3103,"image015.jpg"
3103,"image016.jpg"
3103,"image017.jpg"
3103,"image018.jpg"
3103,"ascilite - Booking Confirmation Form.pdf"
3103,"ascilite - Floor plan 4 July.pdf"
3103,"ascilite 2013 - Sponsorship Prospectus.pdf"
3151,"18-7-13.docx"
3025,"CDW-CrocodocError.png"
3162,"1.jpg"
3162,"2.jpg"
2120,"image003.jpg"
2120,"image004.jpg"
2120,"image005.png"
2120,"image006.png"
2120,"image004.jpg"
2120,"image003.jpg"
2120,"image006.png"
2120,"image005.png"
3164,"PlotDiagram.docx"
3025,"CDW-CrocodocError.png"
3166,"image001.jpg"
3166,"image001.jpg"
3147,"image001.png"
3147,"image001.png"
3025,"CDW-CrocodocError.png"
3025,"CDW-CrocodocError.png"
3025,"CDW-CrocodocError.png"
3025,"CDW-CrocodocError.png"
3147,"image001.png"
3025,"CDW-CrocodocError.png"
3192,"image001.png"
3193,"image001.png"
3193,"FB Supplier ACH Enrollment Form.pdf"
3194,"IMG_0001-2.jpeg"
3195,"image002.jpg"
3195,"image004.jpg"
3195,"image006.jpg"
3195,"image008.jpg"
3195,"image010.jpg"
3195,"image012.jpg"
3195,"ascilite 2013 - Sponsorship Prospectus.pdf"
3195,"ascilite - Booking Confirmation Form.pdf"
3203,"FAIL Example Excel 26 worksheets_hidden columns all 26.xlsx"
3203,"OK Example Excel 26 worksheets_NO_hidden columns.xlsx"
3203,"OK Example Excel 20 worksheets_hidden columns all 20.xlsx"
3207,"CrocodocVideoAnomoly.png"
3211,"a Mr Imaging of Synovial Disords of the Knee.pdf"
3211,"a Mr Imaging of Synovial Disords of the Knee - markups.pdf"
3147,"image001.png"
3225,"image001.png"
3225,"image001.png"
3225,"image001.png"
3226,"PromptCloud-Big Data made Small.pdf"
3229,"our_app.jpg"
3229,"your_site.png"
3229,"Resource Guide List.xls"
3164,"PlotDiagram.pdf"
3147,"0099B664-0C1B-47A3-9F05-0A1ACC3D2C8E[15].png"
3239,"eleutian_crocodoc-embed-font-test.pptx"
3239,"eleutian_crocodoc-embed-font-test.pdf"
3203,"excel-bad.xlsx"
3245,"Example Excel Workbook Fails Conversion - Frozen Panes-Groups-HiddenRows-HiddenCols-25worksheets.xlsx"
3245,"Example Excel Workbook Fails Conversion -NO- Frozen Panes-Groups-HiddenRows-HiddenCols-25worksheets.xlsx"
3249,"Usability test report rev2.pdf"
3239,"eleutian_crocodoc-embed-font-test-2.pptx"
3253,"image001.jpg"
3253,"image002.jpg"
3253,"attachment_3832.eml"
3254,"Screenshot_1.JPG"
3255,"Screenshot_2.JPG"
3256,"image003.jpg"
3256,"image004.jpg"
3256,"image005.gif"
3256,"image006.png"
3253,"image002.png"
3253,"image001.gif"
3253,"image001.gif"
3253,"image002.png"
3253,"image001.jpg"
3253,"image002.jpg"
3253,"attachment_4266.eml"
3260,"www.DUS-Solutions.org.jpg"
3263,"crocodoc.docx"
3268,"~WRD000.jpg"
3086,"attachment_0750.bin"
3086,"attachment_0750.bin"
3086,"attachment_0750.bin"
3086,"attachment_0750.bin"
3086,"attachment_0750.bin"
3086,"attachment_0750.bin"
3086,"attachment_0750.bin"
3086,"attachment_0750.bin"
3086,"attachment_0750.bin"
3086,"attachment_0750.bin"
3086,"attachment_0750.bin"
3086,"attachment_0750.bin"
3086,"attachment_0979.bin"
3086,"attachment_0979.bin"
3086,"attachment_0979.bin"
3086,"attachment_0979.bin"
3086,"attachment_0979.bin"
3086,"attachment_0979.bin"
3086,"attachment_0979.bin"
3086,"attachment_0979.bin"
3086,"attachment_0979.bin"
3086,"attachment_0979.bin"
3086,"attachment_0979.bin"
3086,"attachment_0979.bin"
3086,"attachment_2861.bin"
3086,"attachment_2861.bin"
3086,"attachment_2861.bin"
3086,"attachment_2861.bin"
3086,"attachment_2861.bin"
3086,"attachment_2861.bin"
3086,"attachment_2861.bin"
3086,"attachment_2861.bin"
3086,"attachment_2861.bin"
3086,"attachment_2861.bin"
3086,"attachment_2861.bin"
3086,"attachment_2861.bin"
3086,"attachment_2861.bin"
3086,"attachment_2861.bin"
3086,"attachment_2861.bin"
3086,"attachment_2861.bin"
3086,"attachment_2861.bin"
3086,"attachment_2861.bin"
3280,"open.php.gif"
3281,"tiny_crocodoc.png"
3281,"sidebar_example.png"
3281,"page_flip.png"
3281,"airplane.png"
3281,"open.php.gif"
3086,"attachment_2585.bin"
3086,"attachment_2585.bin"
3086,"attachment_2585.bin"
3086,"attachment_2585.bin"
3086,"attachment_2585.bin"
3086,"attachment_2585.bin"
3294,"image001.png"
3294,"image002.png"
3295,"linkedin banner2.jpg"
3295,"facebook-cover-image-sample_1a.jpg"
3301,"image001.gif"
3315,"tsmm media kit 061713US.pdf"
3319,"QATestLab_testimonials_en.pdf"
3320,"Invoice-126955.pdf"
3320,"Invoice-126961.pdf"
3294,"Screen Shot 2013-08-05 at 5.25.30 PM.png"
3254,"EDAM 528 Literature Review Outline.pdf"
3329,"attachment_2122.bin"
3339,"daledoc.docx"
3339,"130814_MNA4200EFSU13_CrocodocViewIssue.docx"
3360,"commentsdisappearedcrocodoc81913.jpg"
3355,"TeamTrainingOutline_8162013.docx"
